Date,AAPL,IBM,MON,MSFT,XOM
2010-01-04,28.466829999999998,116.56461000000002,75.40241400000001,26.593965999999998,58.703695999999994
2010-01-05,28.516046000000003,115.15651399999999,77.06536700000001,26.602557,58.932905000000005
2010-01-06,28.062459999999998,114.40845300000001,78.212214,26.439299,59.442264
2010-01-07,28.010584,114.012427,77.93117099999999,26.164338,59.255504
2010-01-08,28.196808,115.15651399999999,78.556726,26.344781,59.017796999999995
2010-01-11,27.948066999999998,113.95081599999999,77.069906,26.009671,59.67997
2010-01-12,27.630158,114.857281,75.528685,25.83782,59.382839000000004
2010-01-13,28.019896000000003,114.61086399999999,76.10890699999999,26.078412,59.145139
2010-01-14,27.857615999999997,116.441401,75.05725699999999,26.602557,59.15363000000001
2010-01-15,27.392058000000002,115.97496799999999,73.579504,26.516632,58.669738
2010-01-19,28.603837,118.05192199999999,74.11439399999999,26.722853999999998,58.805564000000004
2010-01-20,28.163553000000004,114.628469,73.81521500000001,26.284633000000003,57.752889
2010-01-21,27.676713,113.52838799999999,72.364659,25.786265,56.62380699999999
2010-01-22,26.303984000000003,110.44816000000002,70.614925,24.884045,56.114449
2010-01-25,27.011632000000002,110.993803,70.623993,25.193378,55.902216
2010-01-26,27.393389000000003,110.668177,70.605857,25.348044,55.961641
2010-01-27,27.651441,111.17861599999999,70.542395,25.494118,55.639049
2010-01-28,26.508829,108.908047,70.116293,25.055897,55.146666
2010-01-29,25.547122,107.71115800000001,68.792661,24.213827,54.696732999999995
2010-02-01,25.902275,109.71770500000001,70.089096,24.411455,56.182365000000004
2010-02-02,26.052583,110.47456100000001,70.061899,24.454417000000003,56.844531999999994
2010-02-03,26.500847999999998,110.588974,70.297617,24.600491,56.538915
2010-02-04,25.545792000000002,108.247998,68.430027,23.92168,54.942924
2010-02-05,25.999377,108.705629,69.57233599999999,24.076346,55.01084
2010-02-08,25.821135,107.742071,67.278644,23.818568,54.985206000000005
2010-02-09,26.09648,108.917794,68.647609,24.067753,55.711505
2010-02-10,25.954152,108.56419199999999,68.511617,24.050568,55.412441
2010-02-11,26.426359,109.377478,68.68387299999999,24.162272,55.745684
2010-02-12,26.653817,109.616156,68.73826700000001,23.999013,55.369721
2010-02-16,27.055526,110.70348,70.07096700000001,24.473814,56.634335
2010-02-17,26.942463,111.67588,70.80530999999999,24.680999999999997,56.190013
2010-02-18,26.993009000000004,112.98419799999999,70.56053100000001,25.009043,56.360904000000005
2010-02-19,26.825408000000003,112.436122,70.48800200000001,24.836389,56.28400500000001
2010-02-22,26.659137,112.135558,69.61766800000001,24.801858,55.882403000000004
2010-02-23,26.212203,111.790798,68.810796,24.456548,55.489346999999995
2010-02-24,26.691062,112.789717,67.124523,24.715529999999998,56.010575
2010-02-25,26.869304999999997,112.33003899999999,64.53165200000001,24.689632999999997,55.660238
2010-02-26,27.217806,112.409603,64.05115699999999,24.750062,55.540613
2010-03-01,27.799089000000002,113.656048,64.586046,25.052208,55.882403000000004
2010-03-02,27.780465999999997,112.63943799999998,65.066542,24.568773,55.959302
2010-03-03,27.844314,112.162077,66.40831,24.568773,55.908035999999996
2010-03-04,28.027877,112.02063999999999,67.22425,24.715529999999998,55.882403000000004
2010-03-05,29.123932,112.48916000000001,65.728362,24.680999999999997,56.796686
2010-03-08,29.141222999999997,111.746602,65.29319100000001,24.715529999999998,56.805232999999994
2010-03-09,29.665308000000003,110.98636,64.622311,24.862285999999997,57.061569999999996
2010-03-10,29.907396999999996,111.04823999999999,64.468191,25.009043,57.437540000000006
2010-03-11,29.995189,112.79855900000001,64.92149,25.190331,57.437540000000006
2010-03-12,30.141507,113.09912299999999,65.592371,25.268026000000003,57.078663
2010-03-15,29.774380999999998,113.00188200000001,65.12094300000001,25.285292000000002,56.651428
2010-03-16,29.855521000000003,113.74444,65.347592,25.354354,56.88213199999999
2010-03-17,29.811626,112.940002,65.51078000000001,25.578804,57.557165000000005
2010-03-18,29.882125,113.48808500000001,65.30225899999999,25.561539,57.582798
2010-03-19,29.562884999999998,112.895799,65.456379,25.544273999999998,57.283733999999995
2010-03-22,29.895427,113.13448400000001,65.882482,25.552907,57.223921999999995
2010-03-23,30.375614000000002,114.363238,66.14539599999999,25.794622,57.206829000000006
2010-03-24,30.509961999999998,113.62068000000001,66.281387,25.59607,56.82231899999999
2010-03-25,30.148156,114.248327,64.595114,25.906848999999998,56.651428
2010-03-26,30.713476,114.265997,64.45912299999999,25.604703,56.856499
2010-03-29,30.91167,113.673718,64.42285799999999,25.544273999999998,57.505899
2010-03-30,31.371906,113.83284499999999,64.740173,25.699663,57.292281
2010-03-31,31.258845,113.37316100000001,64.749234,25.285292000000002,57.232468000000004
2010-04-01,31.387869,113.37316100000001,64.214344,25.173066,57.770782999999994
2010-04-05,31.723071,114.345568,63.860772,25.268026000000003,58.266377
2010-04-06,31.862739,113.974275,63.28055,25.311189000000002,58.01858000000001
2010-04-07,32.003735999999996,113.576477,61.965515,25.337088,57.540071999999995
2010-04-08,31.917275,112.807401,62.666259,25.829154,57.9844
2010-04-09,32.162024,113.82399699999999,62.657157,26.191729000000002,58.753426
2010-04-12,32.228534,113.470402,62.793666,26.174463,58.710699
2010-04-13,32.247156,114.06268100000001,61.6561,26.286690000000004,58.66798000000001
2010-04-14,32.680789000000004,116.02516499999999,59.817795999999994,26.6061,58.625254000000005
2010-04-15,33.110433,115.706924,59.726785,26.649265000000003,58.326190000000004
2010-04-16,32.908246999999996,115.477088,58.907742000000006,26.476609000000003,58.044213
2010-04-19,32.864352000000004,116.89148200000001,60.746047,26.796021000000003,58.300557
2010-04-20,32.534471,114.646125,60.864351,27.072269,58.932864
2010-04-21,34.480501000000004,114.027327,60.400229,27.04637,58.890138
2010-04-22,35.444868,114.151086,59.663081000000005,27.098166,58.582527
2010-04-23,36.024819,114.911328,59.75409200000001,26.726958000000003,59.163568000000005
2010-04-26,35.847908000000004,115.56548000000001,59.244457999999995,26.85645,59.20629399999999
2010-04-27,34.855605,113.877048,57.679168999999995,26.631999,58.33473000000001
2010-04-28,34.79708,115.008569,57.460754,26.683795,59.120847999999995
2010-04-29,35.733515000000004,115.32681000000001,56.650808,26.761490000000002,58.66798000000001
2010-04-30,34.729242,114.036162,57.387952,26.364384,57.907495
2010-05-03,35.428906,114.56656799999999,57.670066000000006,26.640632,57.967307
2010-05-04,34.40867,113.25823600000001,55.94096700000001,26.010441,56.796686
2010-05-05,34.050857,112.674799,55.49504,25.768725,56.540342
2010-05-06,32.755276,110.10693300000001,53.574827,25.017676,54.59215
2010-05-07,31.373238,108.489805,53.775040000000004,24.352954999999998,54.429801
2010-05-10,33.784825,112.19498300000001,53.83874300000001,24.983145999999998,55.737143999999994
2010-05-11,34.121355,112.745876,52.346257,24.931348,55.453247
2010-05-12,34.862257,117.890472,51.718321,25.414783,55.840374
2010-05-13,34.366107,116.82423600000001,50.544352,25.242127,55.694123
2010-05-14,33.762209999999996,116.56656799999999,49.698002,24.974513,54.713411
2010-05-17,33.815418,115.900168,50.489746999999994,24.983145999999998,54.429522
2010-05-18,33.568009,115.46478300000001,49.379482,24.801039000000003,54.016591000000005
2010-05-19,33.033281,114.49628600000001,51.272394,24.488858,53.724098
2010-05-20,31.625968,110.00031399999999,49.124668,23.508958,51.900319
2010-05-21,32.232521999999996,111.439732,50.00742,23.274821,52.373469
2010-05-24,32.823114000000004,110.577854,49.079166,22.780535,51.779878000000004
2010-05-25,32.618272,110.640051,49.6525,22.607101,51.366946999999996
2010-05-26,32.470622,109.493851,47.923398,21.687901999999998,51.022839000000005
2010-05-27,33.699692999999996,112.30161000000001,45.748371,22.546398999999997,52.872426000000004
2010-05-28,34.169242,111.29757,46.294402000000005,22.372965,52.012152
2010-06-01,34.694656,110.48011499999998,44.383292,22.45101,50.971221
2010-06-02,35.109666,113.207916,45.839375,22.945296,52.278838
2010-06-03,34.999262,113.696605,45.966782,23.292165,52.95845500000001
2010-06-04,34.046867999999996,111.31533799999998,44.610805,22.364294,51.212097
2010-06-07,33.379125,110.293524,45.065832,21.93071,51.014234
2010-06-08,33.164969,109.92923,45.875778000000004,21.774619,52.683168
2010-06-09,32.349579999999996,110.08916599999999,44.5289,21.497125,51.642234
2010-06-10,33.321928,113.44781699999999,46.103291999999996,21.67923,53.242343999999996
2010-06-11,33.720976,114.131984,46.622021999999994,22.251562,53.216536
2010-06-14,33.823399,114.17641299999998,45.493558,22.112814999999998,52.795001
2010-06-15,34.543018,115.32261399999999,46.667524,23.049357,53.775712
2010-06-16,35.54862,115.820204,46.166995,22.823892999999998,53.775712
2010-06-17,36.163154999999996,116.37997,45.75747,22.867253,53.853137
2010-06-18,36.455794,115.642486,45.857577,22.927954,54.283274
2010-06-21,35.937028999999995,116.086753,45.466254,22.503041,54.309084999999996
2010-06-22,36.42653,114.88724199999999,45.120436,22.346951,53.285357
2010-06-23,36.043440999999994,115.606951,45.011227000000005,21.948052,52.562727
2010-06-24,35.781397999999996,113.900971,44.601703,21.67923,51.676646000000005
2010-06-25,35.475460999999996,112.95024099999999,43.928265,21.271660999999998,50.842178999999994
2010-06-28,35.688288,114.602905,43.500539,21.080883,50.300209
2010-06-29,34.0748,111.146515,43.081916,20.213714000000003,49.285086
2010-06-30,33.457603999999996,109.715984,42.062657,19.953564,49.095824
2010-07-01,33.051904,108.907416,41.907946,20.083639,48.700099
2010-07-02,32.847058000000004,108.276559,42.353874,20.179028,48.665687
2010-07-06,33.071855,109.698209,41.061596,20.65597,49.431331
2010-07-07,34.407342,112.84361499999999,43.318134,21.072211,50.265797
2010-07-08,34.33019,113.70549199999999,43.684307000000004,21.1676,50.592702
2010-07-09,34.533705,113.696605,46.879155,21.046197,50.566891999999996
2010-07-12,34.223778,114.32746200000001,46.870002,21.531810999999998,50.704535
2010-07-13,33.493518,115.935704,47.757965999999996,21.791960999999997,51.117466
2010-07-14,33.617224,116.14895600000001,49.936690000000006,22.060785,50.979822999999996
2010-07-15,33.446963000000004,116.14895600000001,51.291526,22.121487,50.988427
2010-07-16,33.240788,113.758802,51.44715,21.583841,49.861467
2010-07-19,32.666159,115.32261399999999,51.071824,21.878679,50.265797
2010-07-20,33.505491,112.44377800000001,52.737906,22.095471,50.71314
2010-07-21,33.818078,111.306451,52.701288,21.783291000000002,50.042124
2010-07-22,34.453897,113.26122600000001,51.868247,22.407652,51.083058
2010-07-23,34.576271000000006,114.06979399999999,53.433631000000005,22.381636999999998,51.375551
2010-07-26,34.488482,114.09644899999999,52.47243100000001,22.633116,51.951933000000004
2010-07-27,35.126961,114.291927,52.509049,22.685146,52.31325
2010-07-28,34.711946999999995,114.11421000000001,52.72875,22.503041,52.399276
2010-07-29,34.332851,113.749922,53.012533999999995,22.572415,51.90892
2010-07-30,34.218458,114.08755500000001,52.948455,22.381636999999998,51.341139
2010-08-02,34.830333,116.18449199999999,54.559608999999995,22.832565,53.285357
2010-08-03,34.840973999999996,115.837965,54.010353,22.685146,53.956371999999995
2010-08-04,34.980643,116.637652,54.394831999999994,22.312263,53.956371999999995
2010-08-05,34.810382000000004,117.135228,56.097531999999994,22.000083,53.947768
2010-08-06,34.596226,116.20657299999999,55.475039,22.156172,53.311167000000005
2010-08-09,34.817031,117.867433,54.522994999999995,22.208204000000002,53.724098
2010-08-10,34.505772,117.72456000000001,53.845575,21.739932,53.276755
2010-08-11,33.279362,115.92976499999999,51.968945,21.557827,52.323685
2010-08-12,33.49219,114.563576,52.344271,21.236974,52.185056
2010-08-13,33.134373,114.17961299999999,52.44496899999999,21.158928,51.907799
2010-08-16,32.940171,114.09031399999999,52.820294999999994,21.245645,51.881807
2010-08-17,33.516133,114.697511,54.156822,21.542054999999998,52.69625
2010-08-18,33.662451000000004,115.536872,53.982891,21.637953,52.115743
2010-08-19,33.238128,115.099329,52.335115,21.306672,51.370613
2010-08-20,33.206203,113.849225,52.847756999999994,21.123594,51.02404
2010-08-23,32.695419,112.929503,52.47243100000001,21.167185,51.552563
2010-08-24,31.914615,111.52759499999999,51.199984,20.957954,51.067361
2010-08-25,32.308341999999996,111.857977,51.135904,21.010261,51.041369
2010-08-26,31.961170000000003,109.63457,50.623262,20.766157999999997,50.668803999999994
2010-08-27,32.139412,111.375798,51.776706,20.862056,51.812490999999994
2010-08-30,32.256465999999996,110.18819199999999,51.172522,20.609235,51.119347999999995
2010-08-31,32.336278,109.947096,48.197376,20.461029,51.214656
2010-09-01,33.297985,112.30444399999999,49.424052,20.835901999999997,52.774228
2010-09-02,33.542733,111.65260500000001,49.753603000000005,20.870774,52.904194
2010-09-03,34.420644,113.92066100000001,51.071824,21.175902999999998,53.129464
2010-09-07,34.292949,112.465173,50.65988,20.888209,52.462313
2010-09-08,34.972662,112.581259,50.897890999999994,20.862056,52.6356
2010-09-09,34.992613,112.83127900000001,51.849938,20.9318,52.895528000000006
2010-09-10,35.037839,114.28676100000001,52.390042,20.792312,53.025493999999995
2010-09-13,35.520687,115.733318,52.957606999999996,21.890774,52.85220699999999
2010-09-14,35.656364,115.054693,53.08577,21.821031,52.86087
2010-09-15,35.943678000000006,115.57258300000001,52.600590000000004,21.899493,52.85220699999999
2010-09-16,36.788332000000004,115.786892,52.42666,22.082569,52.826215000000005
2010-09-17,36.628712,116.251222,51.474612,21.986670999999998,52.661592000000006
2010-09-20,37.674224,117.67991,50.842967,22.169749,53.328743
2010-09-21,37.746051,117.84957,49.744451,21.925645000000003,53.320080000000004
2010-09-22,38.275457,118.37641200000002,49.6346,21.454877,53.242101
2010-09-23,38.431084000000006,117.572763,49.186038,21.297954,52.982172999999996
2010-09-24,38.883340000000004,119.751526,50.696498,21.603082,53.502029
2010-09-27,38.729040999999995,120.233705,48.581855,21.559491,53.46737099999999
2010-09-28,38.157072,120.44801499999998,44.627198,21.515902,53.770624
2010-09-29,38.224909999999994,120.97484299999999,43.940626,21.358979,53.363401
2010-09-30,37.743390000000005,119.77831299999998,43.876546000000005,21.350261,53.536687
2010-10-01,37.579782,121.11771599999999,44.178636,21.254363,54.18651
2010-10-04,37.063677,120.769472,43.730078000000006,20.844620000000003,53.88325699999999
2010-10-05,38.433745,122.921449,44.672969,21.22821,54.810337
2010-10-06,38.467001,123.082171,44.792663,21.297954,55.399508999999995
2010-10-07,38.47099,123.867958,44.958391999999996,21.385133,55.32153
2010-10-08,39.116118,123.984044,46.836642,21.420004000000002,55.780737
2010-10-11,39.287712,124.707319,47.168099,21.437441,55.928034999999994
2010-10-12,39.710703,124.876979,48.107227,21.646670999999998,56.057993999999994
2010-10-13,39.92353,125.341295,50.353764,22.091287,56.352584
2010-10-14,40.212173,126.35031599999999,49.828958,21.995389000000003,56.577856999999995
2010-10-15,41.865567,125.95742299999999,52.278053,22.265647,56.482549
2010-10-18,42.2992,127.537922,52.278053,22.509748000000002,57.42695500000001
2010-10-19,41.167231,123.25183,52.756824,21.882056,56.4219
2010-10-20,41.305568,124.18049099999999,53.217180000000006,22.065132000000002,57.193022
2010-10-21,41.171224,124.85911599999999,53.309253000000005,22.16103,57.461613
2010-10-22,40.898539,124.71624299999999,52.61871899999999,22.126158,57.478938
2010-10-25,41.080771,124.86804099999999,54.055028,21.960518,57.357639
2010-10-26,40.975687,125.609178,54.303621,22.579492000000002,57.643562
2010-10-27,40.946426,126.28780400000001,55.472926,22.710261,56.89843199999999
2010-10-28,40.601911,125.81455,54.036614,22.910775,57.374970999999995
2010-10-29,40.035263,128.22548500000002,54.708732999999995,23.250774,57.608904
2010-11-01,40.460914,127.97546499999999,54.239171999999996,23.494877,58.007461
2010-11-02,41.149941,128.439781,54.423315,23.878466,58.778583
2010-11-03,41.607517,128.734451,54.819221,23.564621,58.891223
2010-11-04,42.335117,131.073937,57.83915699999999,23.660517000000002,60.112885
2010-11-05,42.183478,131.190023,57.33276600000001,23.407698,60.650074
2010-11-08,42.381671999999995,131.360442,57.360386,23.372825,60.927331
2010-11-09,42.04381,131.073427,57.793122,23.494877,61.581239000000004
2010-11-10,42.303191999999996,131.44116,57.655014,23.486159,62.017182
2010-11-11,42.119628999999996,130.43662,58.612556000000005,23.259492,62.627506000000004
2010-11-12,40.973027,128.920865,57.222281,22.902057,61.895118999999994
2010-11-15,40.841343,128.831169,55.970112,22.841031,61.450462
2010-11-16,40.116403000000005,127.57551000000001,54.625873,22.639286,60.107758
2010-11-17,39.971414,127.3154,54.552214,22.428769,60.16879
2010-11-18,41.026234,129.47693999999998,54.902086,22.665601000000002,61.302237
2010-11-19,40.800108,130.095806,54.736357,22.534028,61.502773
2010-11-22,41.682004,130.400749,55.150678000000006,22.569114000000003,61.197615
2010-11-23,41.066140000000004,128.418587,54.607457999999994,22.034052,60.142633999999994
2010-11-24,41.873548,130.777447,55.371646999999996,22.253339999999998,60.927326
2010-11-26,41.900152,129.064359,54.810012,22.148081,60.360606000000004
2010-11-29,42.148893,128.158492,54.653493000000005,22.20071,60.552415
2010-11-30,41.388040000000004,126.875927,55.169090000000004,22.156852999999998,60.648323
2010-12-01,42.086376,129.521788,56.83558000000001,22.841032000000002,62.191563
2010-12-02,42.319154,130.212394,57.406420999999995,23.586609,62.322347
2010-12-03,42.224713,130.391785,57.83915699999999,23.70064,62.0695
2010-12-06,42.585186,130.041994,57.544529000000004,23.542753,62.174122
2010-12-07,42.327135999999996,129.171997,56.927654000000004,23.569067999999998,62.304906
2010-12-08,42.699579,130.033016,56.412054000000005,23.884841,62.644940000000005
2010-12-09,42.53331,129.423128,56.163461,23.753269,62.775724
2010-12-10,42.639722,129.889522,56.117426,23.981328,62.932664
2010-12-13,42.787372,129.40518600000001,56.17266600000001,23.902385,63.089604
2010-12-14,42.603809000000005,130.786425,55.850418000000005,24.226931,62.932664
2010-12-15,42.613118,129.799826,55.721518999999994,24.428676,62.644940000000005
2010-12-16,42.731504,129.647354,58.004886,24.551477,62.96754
2010-12-17,42.646375,130.050958,59.478024,24.472533,62.92394300000001
2010-12-20,42.859199,129.61147,60.012039,24.393589000000002,62.96754
2010-12-21,43.123902,130.714671,61.043240000000004,24.621648999999998,63.403482999999994
2010-12-22,43.251597,130.903013,61.181341,24.726907999999998,63.473234999999995
2010-12-23,43.044094,130.849201,61.319449,24.823393,63.82198399999999
2010-12-27,43.187752,130.35590200000001,61.420728000000004,24.621648999999998,63.656330000000004
2010-12-28,43.292835,130.68776499999998,61.789014,24.569020000000002,64.0138
2010-12-29,43.268892,131.414254,63.455502,24.533932999999998,63.970209
2010-12-30,43.052075,131.548784,64.192075,24.428676,63.961489
2010-12-31,42.905758,131.629502,64.118416,24.481305,63.752238
2011-01-03,43.838201,132.275274,63.400261,24.542704999999998,64.999034
2011-01-04,44.066990000000004,132.418782,63.59361,24.639192,65.304192
2011-01-05,44.427464,131.889612,63.907925,24.560248,65.129811
2011-01-06,44.391546999999996,133.333627,65.442532,25.279513,65.54831899999999
2011-01-07,44.709458000000005,132.678877,66.36699200000001,25.08654,65.905789
2011-01-10,45.551451,132.418782,65.978721,24.753221,65.504722
2011-01-11,45.443707,132.095896,67.041844,24.656736,65.992982
2011-01-12,45.813494,133.728266,69.26055,25.042680999999998,66.76895999999999
2011-01-13,45.981095,133.477134,69.131126,24.726907999999998,66.882302
2011-01-14,46.353539000000005,134.535474,68.715122,24.823393,67.86753
2011-01-18,45.312024,135.118455,68.992456,25.139167999999998,68.626072
2011-01-19,45.071264,139.638855,65.812318,24.972509,68.216285
2011-01-20,44.251882,139.737515,64.407134,24.867252,67.789064
2011-01-21,43.459103999999996,139.46844099999998,64.81389899999999,24.577792000000002,68.861485
2011-01-24,44.886369,143.172655,65.747606,24.893565,68.52144399999999
2011-01-25,45.411783,144.79604799999998,66.727531,24.954967,68.599917
2011-01-26,45.737675,144.437278,67.984798,25.244426999999998,69.454367
2011-01-27,45.652543,144.464198,68.114221,25.323370999999998,69.646176
2011-01-28,44.706798,142.795958,66.13587700000001,24.34096,68.870199
2011-01-31,45.13511,145.298311,67.836881,24.323417000000003,70.343687
2011-02-01,45.894634,146.697478,70.305194,24.551477,73.159879
2011-02-02,45.800191999999996,146.46428799999998,69.74127299999999,24.507620000000003,72.723936
2011-02-03,45.683139000000004,146.670572,69.177352,24.253245,72.75009200000001
2011-02-04,46.090167,147.092118,69.020195,24.358504,72.610587
2011-02-07,46.805794,147.827585,69.842964,24.735679,73.177313
2011-02-08,47.247411,149.52043600000002,69.057168,24.805851,72.730312
2011-02-09,47.641138,148.259792,69.547137,24.533932999999998,72.353425
2011-02-10,47.159619,147.75554,69.306776,24.121673,72.923132
2011-02-11,47.466888,147.53943999999998,69.38073399999999,23.902385,72.59007199999999
2011-02-14,47.776814,146.972149,69.454686,23.884841,74.42191899999999
2011-02-15,47.872588,146.629972,66.13587700000001,23.787782999999997,72.72154499999999
2011-02-16,48.302229,147.134224,67.476342,23.840725,73.352612
2011-02-17,47.659760999999996,147.890616,68.54871899999999,24.008367,73.519139
2011-02-18,46.630216,148.430881,66.921667,23.876017,74.062559
2011-02-22,45.040668,145.828568,65.87703,23.46132,74.886452
2011-02-23,45.574063,144.23476000000002,65.55346999999999,23.46132,76.315112
2011-02-24,45.608647999999995,144.76603899999998,65.211417,23.62014,75.350985
2011-02-25,46.310976000000004,146.12572,66.755264,23.426025,74.798799
2011-02-28,46.982708,145.765544,66.459437,23.452496,74.96533199999999
2011-03-01,46.463943,144.045673,64.749187,23.081915,74.325505
2011-03-02,46.837719,144.21676100000002,64.795406,23.011328,74.57091899999999
2011-03-03,47.827362,147.206262,66.524149,23.117209,75.219512
2011-03-04,47.885887,145.720518,67.541054,22.896625,74.57091899999999
2011-03-07,47.268691,144.009647,66.237569,22.693686,74.255385
2011-03-08,47.321899,146.12572,66.36699200000001,22.861331,74.150205
2011-03-09,46.884274,149.349348,64.157533,22.843684,73.957379
2011-03-10,46.112778999999996,145.891607,62.022026000000004,22.420163,71.327939
2011-03-11,46.820428,146.260783,62.410304000000004,22.658394,71.976539
2011-03-14,47.029263,145.32431599999998,61.994293000000006,22.667217,72.204419
2011-03-15,45.947839,143.190244,62.687638,22.402516000000002,71.33670500000001
2011-03-16,43.896729,137.769505,61.411885999999996,21.873115,69.513625
2011-03-17,44.512593,138.83203500000002,62.123717000000006,21.864292000000003,71.13511899999999
2011-03-18,43.984518,140.371818,62.715371,21.881937,70.863405
2011-03-21,45.132449,141.983625,63.769262,22.349576000000003,72.607599
2011-03-22,45.385182,142.27177700000001,63.741521999999996,22.323104999999998,72.362185
2011-03-23,45.117819,143.649471,64.730694,22.534867000000002,72.397245
2011-03-24,45.886653,144.108697,65.192924,22.773097,72.51119200000001
2011-03-25,46.760571,146.03566899999998,65.4148,22.605454,73.291259
2011-03-28,46.614253000000005,145.306303,64.94332299999999,22.420163,73.159785
2011-03-29,46.68342,146.665998,65.174438,22.49075,72.966959
2011-03-30,46.373492999999996,147.314326,65.442532,22.596631,74.053792
2011-03-31,46.357531,146.837086,66.80149,22.402516000000002,73.738259
2011-04-01,45.832117,147.917629,67.64274499999999,22.481926,74.220325
2011-04-04,45.38385,147.89961599999998,68.456274,22.543689,74.386859
2011-04-05,45.077913,147.665503,68.040263,22.746628,74.86891899999999
2011-04-06,44.964847999999996,147.710514,64.179826,23.073091,74.658565
2011-04-07,44.970169,148.016679,63.075515,23.117209,75.166925
2011-04-08,44.568461,147.719528,61.45153199999999,23.002504000000002,75.33345200000001
2011-04-11,44.001809,147.629477,62.333119999999994,22.923094,74.641039
2011-04-12,44.214636999999996,146.999162,64.26334200000001,22.6231,72.90560500000001
2011-04-13,44.710786,147.629477,63.242554000000005,22.614276,72.888079
2011-04-14,44.217296999999995,148.547944,62.769277,22.428986,73.133492
2011-04-15,43.557534999999994,149.664512,62.481602,22.384870000000003,73.878499
2011-04-18,44.141478,149.421386,61.414411,22.128992,72.83548499999999
2011-04-19,44.940905,148.935133,62.036163,22.190755,73.449025
2011-04-20,45.546131,148.349843,62.667196999999994,22.728981,75.070512
2011-04-21,46.648835,151.528446,62.657915,22.517220000000002,75.692812
2011-04-25,46.956103999999996,150.979168,61.238091000000004,22.596631,75.570105
2011-04-26,46.611593,151.717547,62.147525,23.108386,76.621879
2011-04-27,46.575676,153.410392,63.01055600000001,23.276028,76.937412
2011-04-28,46.123421,153.779581,62.565118000000005,23.567199,76.55175899999999
2011-04-29,46.573015000000005,153.599493,63.140474,22.870154,77.112712
2011-05-02,46.060903,155.013199,62.15680699999999,22.640747,76.22746500000001
2011-05-03,46.316297,155.661527,61.85985,22.773097,75.044219
2011-05-04,46.498528,153.635505,60.467864,22.993681,74.334265
2011-05-05,46.123421,151.690535,60.124505000000006,22.755451,72.41477900000001
2011-05-06,46.111451,152.757815,60.569937,22.826038,72.47613199999999
2011-05-09,46.236484999999995,152.947762,61.562886,22.790744,72.90560500000001
2011-05-10,46.482566,154.105496,61.664966,22.64957,73.045839
2011-05-11,46.18727,153.309549,60.068828,22.376047,71.50330799999999
2011-05-12,46.099477,155.787832,59.400674,22.340752,71.44160699999999
2011-05-13,45.292069,153.689429,59.196515000000005,22.084876,71.282946
2011-05-16,44.33435,152.730681,58.806757,21.679000000000002,70.727627
2011-05-17,44.712118,154.21403,58.621157999999994,21.776694,70.87747900000001
2011-05-18,45.208268,154.159763,60.894739,21.927674,72.04980400000001
2011-05-19,45.296061,154.29543,61.794883999999996,21.954317,72.569863
2011-05-20,44.589744,153.906509,61.553611,21.75005,71.899959
2011-05-23,44.480668,152.18798700000002,62.481602,21.465851999999998,71.106651
2011-05-24,44.186704,151.94378700000001,63.196151,21.448089000000003,71.653153
2011-05-25,44.797247,151.726707,63.919982999999995,21.483615,72.243724
2011-05-26,44.56048,151.21114599999999,64.421099,21.909912,72.622748
2011-05-27,44.881048,151.500586,64.625258,21.989842000000003,72.834295
2011-05-31,46.267078000000005,152.79398799999998,65.924446,22.211872,73.574717
2011-06-01,45.95848,150.650372,64.161262,21.696763,72.305425
2011-06-02,46.03696,150.22526499999998,64.068465,21.510257,71.688412
2011-06-03,45.683139000000004,149.28461000000001,63.836467000000006,21.234939999999998,71.55619300000001
2011-06-06,44.964847999999996,149.013263,62.695036,21.323753,70.771702
2011-06-07,44.16675,148.05451599999998,62.630077,21.368157999999998,70.516081
2011-06-08,44.193353,148.642423,62.750719999999994,21.261585,71.185986
2011-06-09,44.093590999999996,149.094663,64.504621,21.279346,71.55619300000001
2011-06-10,43.350032,147.593221,63.817903,21.057316,70.322161
2011-06-13,43.443142,147.584182,63.75294399999999,21.350397,69.837367
2011-06-14,44.219957,148.44343600000002,64.476783,21.510257,70.85103000000001
2011-06-15,43.463093,146.824421,62.70431800000001,21.08396,69.33494
2011-06-16,43.251597,147.13194099999998,61.497927000000004,21.314871,69.82855
2011-06-17,42.599817,148.732876,61.108173,21.545783,69.65225600000001
2011-06-20,41.942718,149.257477,61.674248,21.732287,70.260459
2011-06-21,43.27022,150.342852,62.546561,21.989842000000003,71.018508
2011-06-22,42.912407,149.854424,61.952647999999996,21.892149,70.357419
2011-06-23,44.059009,150.252398,61.776327,21.874385999999998,69.141019
2011-06-24,43.409889,149.302704,61.210252000000004,21.581307000000002,67.677808
2011-06-27,44.16675,151.60912,60.987536999999996,22.380616,68.682661
2011-06-28,44.595065000000005,153.770829,62.082566,22.913486,70.189942
2011-06-29,44.432784999999996,154.250203,65.200614,22.753626,70.73644399999999
2011-06-30,44.649601000000004,155.163738,67.31643100000001,23.091110999999998,71.732481
2011-07-01,45.659195000000004,157.86812700000002,67.418511,23.108873000000003,72.28779899999999
2011-07-05,46.479905,158.673115,68.457856,23.117755,71.926401
2011-07-06,46.789832000000004,160.735345,69.66884399999999,23.38419,71.899959
2011-07-07,47.513443,159.622823,69.631582,23.774963,72.59630600000001
2011-07-08,47.847313,159.631877,70.02282199999999,23.908181,72.649191
2011-07-11,47.087792,158.275155,69.22170799999999,23.650625,72.190839
2011-07-12,47.054534999999994,157.42494,69.063351,23.570695999999998,72.182023
2011-07-13,47.622515,157.669154,69.29623199999999,23.650625,72.70208199999999
2011-07-14,47.589262,157.58774,69.352122,23.508526,72.49052900000001
2011-07-15,48.540328,158.77260800000002,68.988827,23.783845,73.160434
2011-07-18,49.721515000000004,158.537448,68.19703100000001,23.615101,72.851927
2011-07-19,50.127212,167.518953,68.793207,24.458816,73.715746
2011-07-20,51.464027,166.107951,70.06008299999999,24.032517000000002,73.424872
2011-07-21,51.515906,167.238552,70.553791,24.068043,74.940962
2011-07-22,52.315333,167.491806,70.24639300000001,24.449934,75.11725600000001
2011-07-25,53.007017000000005,166.153178,71.187229,24.787419,74.544312
2011-07-26,53.660129000000005,165.456723,69.78063,24.938399,74.368024
2011-07-27,52.220890999999995,164.027655,68.839786,24.27231,73.43368199999999
2011-07-28,52.118468,164.43466899999999,69.417328,24.618676,71.802999
2011-07-29,51.940226,164.479896,68.44854699999999,24.334478,70.330977
2011-08-01,52.774238000000004,163.484961,67.39591800000001,24.219023,70.163499
2011-08-02,51.731390999999995,161.04286499999998,66.17562099999999,23.801606,68.612143
2011-08-03,52.218231,161.74835900000002,66.054525,23.908181,68.506374
2011-08-04,50.196382,155.100417,61.480728000000006,23.037824,65.086339
2011-08-05,49.697571999999994,156.45713899999998,62.551984999999995,22.806913,65.950164
2011-08-08,46.982708,150.997548,59.096019999999996,21.741168,61.869049
2011-08-09,49.749448,154.985511,62.682398,22.7181,63.14715
2011-08-10,48.376719,147.654556,61.303736,21.492496,60.361113
2011-08-11,49.708214,151.460837,64.470926,22.371734,63.51093100000001
2011-08-12,50.145835,152.796216,65.067103,22.291803,63.883584
2011-08-15,50.999802,157.147554,65.07642,22.655932,65.915438
2011-08-16,50.610064,155.55782,64.275307,22.655932999999997,65.214492
2011-08-17,50.604743,155.775832,65.393135,22.56656,65.800095
2011-08-18,48.690638,148.826425,61.937174,22.0482,62.943078
2011-08-19,47.357812,143.112457,61.480728000000006,21.494089000000002,61.931588
2011-08-22,47.412348,144.420583,60.810028,21.431529,62.268749
2011-08-23,49.694912,149.271556,64.38709200000001,22.092885,65.356459
2011-08-24,50.038095,151.488089,65.92410500000001,22.253756,65.249984
2011-08-25,49.710874,150.41616000000002,64.890117,21.958827,63.679508
2011-08-26,51.022413,153.650132,65.840271,22.56656,64.451438
2011-08-29,51.872388,156.81143,65.001896,23.093857999999997,65.76460300000001
2011-08-30,51.875048,156.711503,64.713125,23.44241,65.578277
2011-08-31,51.188686,156.166459,64.2101,23.77309,65.67586999999999
2011-09-01,50.683223,154.731154,64.2101,23.424536,65.205617
2011-09-02,49.754769,151.687942,61.294426,23.058107999999997,64.007802
2011-09-06,50.511633,149.989202,60.418789000000004,22.798929,63.129404
2011-09-07,51.068968,151.987722,63.241312,23.236854,65.347584
2011-09-08,51.096903999999995,150.11638,62.747604,23.433473,64.611147
2011-09-09,50.211013,146.59170600000002,60.558519,23.004485,63.005187
2011-09-12,50.538233,147.54555,61.359632,23.138544,63.741617000000005
2011-09-13,51.16075,148.463049,62.784866,23.272604,63.57304
2011-09-14,51.783266,151.92414,64.713125,23.683717,64.451438
2011-09-15,52.270107,154.513129,65.532866,24.121642,65.66700300000001
2011-09-16,53.273052,157.147554,64.992579,24.237827,66.14613
2011-09-19,54.753524,157.274733,64.53613299999999,24.318261,65.391944
2011-09-20,54.995612,158.71911699999998,63.073637,24.112704,65.66700300000001
2011-09-21,54.821362,157.17480600000002,61.350315,23.227917,63.856967000000004
2011-09-22,53.448634,153.17775,59.915764,22.396752,61.434711
2011-09-23,53.778511,153.83181399999998,59.282326,22.396752,61.49681999999999
2011-09-26,53.628205,158.528343,60.502623,22.736368,63.635149
2011-09-27,53.108111,161.435297,61.490044999999995,22.941925,64.691005
2011-09-28,52.808823,161.28994699999998,58.574367,22.861489000000002,63.945693000000006
2011-09-29,51.952199,162.761582,58.825880000000005,22.745306,65.551653
2011-09-30,50.721796000000005,158.855374,55.928833,22.244819,64.442563
2011-10-03,49.827927,157.42006899999998,55.994039,21.923079,63.129404
2011-10-04,49.548594,158.73728899999998,58.919031000000004,22.646995999999998,64.620021
2011-10-05,50.313435999999996,160.654056,62.00771700000001,23.138544,65.613762
2011-10-06,50.196382,165.050804,66.72498399999999,23.540720999999998,65.560528
2011-10-07,49.189448,165.686695,66.388036,23.460285,65.267726
2011-10-10,51.718089,169.52930800000001,69.03681999999999,24.076956,67.681107
2011-10-11,53.245116,168.057672,68.943225,24.130579,67.672232
2011-10-12,53.497849,169.075098,68.924502,24.094829,68.461911
2011-10-13,54.32786899999999,169.711003,68.49395799999999,24.29145,67.760965
2011-10-14,56.132901000000004,173.081232,69.635837,24.371885,69.304816
2011-10-17,55.865541,169.502056,67.885579,24.112704,68.736963
2011-10-18,56.164826,162.51630500000002,69.75751,24.407633999999998,69.996888
2011-10-19,53.02297900000001,161.144596,67.87621800000001,24.246763,69.58874300000001
2011-10-20,52.582696999999996,161.017418,68.952579,24.166329,69.83717800000001
2011-10-21,52.258137,164.996301,70.038303,24.273575,71.097103
2011-10-24,53.974047999999996,165.559517,70.000863,24.300387,71.132595
2011-10-25,52.909918000000005,163.842604,68.288045,23.960770999999998,70.48489000000001
2011-10-26,53.286354,165.305161,69.467363,23.764152,71.931141
2011-10-27,53.830391000000006,168.857086,72.977234,24.354011,72.649829
2011-10-28,53.864971999999995,170.283298,71.53584599999999,24.112704,72.294926
2011-10-31,53.842361,167.721561,68.091493,23.7999,69.28706700000001
2011-11-01,52.74231700000001,164.741945,66.640743,23.227917,67.37943800000001
2011-11-02,52.86203100000001,167.07657700000001,67.58607099999999,23.245792,68.648237
2011-11-03,53.614903000000005,170.14704,68.437803,23.710529,69.97027
2011-11-04,53.23846700000001,169.311296,67.857502,23.460285,69.668594
2011-11-07,53.170629000000005,170.16521200000003,68.25060500000001,23.951833999999998,70.40503199999999
2011-11-08,54.035233,170.785416,69.907268,24.273575,71.190488
2011-11-09,52.57870500000001,166.21594199999998,67.324001,23.4156,69.075121
2011-11-10,51.240561,167.228342,68.802829,23.487098,70.244371
2011-11-11,51.16075,170.903989,70.29101,24.050144,71.154785
2011-11-14,50.447784000000006,170.876628,69.626476,23.916085,70.476438
2011-11-15,51.720749,172.153523,69.813666,24.078166,70.592469
2011-11-16,51.180704999999996,170.21080600000002,67.96982,23.474861999999998,69.842722
2011-11-17,50.201703,169.39906299999998,65.976209,22.997621,69.494625
2011-11-18,49.873154,168.952157,66.818579,22.781511,69.530328
2011-11-21,49.084365000000005,165.522758,66.16340600000001,22.511375,68.646697
2011-11-22,50.081989,165.367708,64.937286,22.32228,67.861241
2011-11-23,48.815673,162.303146,63.617579000000006,22.034132999999997,66.567033
2011-11-25,48.360757,161.491403,63.374226,21.881056,65.960093
2011-11-28,50.030113,166.188581,65.040243,22.394317,67.691653
2011-11-29,49.641704,165.030246,65.657984,22.367302,68.66454499999999
2011-11-30,50.83885,171.469469,68.746666,23.033639,71.797428
2011-12-01,51.601034999999996,172.79197,68.512675,22.763503,71.217264
2011-12-02,51.836474,172.98351200000002,65.910691,22.709474,71.217264
2011-12-05,52.276759999999996,174.059749,65.854536,23.141694,71.806349
2011-12-06,52.002743,175.975105,67.689027,23.105675,72.13659799999999
2011-12-07,51.755334000000005,176.987506,67.136811,23.051648,72.36866500000001
2011-12-08,51.964169,174.734687,65.414631,22.871557,71.28867
2011-12-09,52.3579,177.45265700000002,66.668828,23.141694,72.600726
2011-12-12,52.121128999999996,175.281922,64.619062,22.970607,71.449331
2011-12-13,51.718089,174.342489,63.692457999999995,23.195721,71.87775500000001
2011-12-14,50.571490000000004,172.12616200000002,63.383587,23.042644,70.90486999999999
2011-12-15,50.405217,170.99518799999998,64.02940600000001,23.015629,71.431476
2011-12-16,50.681891,167.428999,63.77669100000001,23.41183,71.547513
2011-12-19,50.840182,166.808783,63.130873,22.988617,70.985197
2011-12-20,52.667826,170.7763,65.789019,23.438844,73.189818
2011-12-21,52.734336,165.513643,66.191484,23.195721,74.189486
2011-12-22,53.01366899999999,166.033516,66.10724300000001,23.240743,75.233778
2011-12-23,53.649488,168.505236,66.434837,23.438844,76.063858
2011-12-27,54.075139,168.687648,66.434837,23.447848999999998,76.117409
2011-12-28,53.557706,167.81206699999998,65.180639,23.249748,75.13559599999999
2011-12-29,53.887586999999996,169.809492,65.938769,23.429839,76.108482
2011-12-30,53.871625,167.711739,65.583105,23.375811,75.65328199999999
2012-01-03,54.700316,169.91895,67.333363,24.105180999999998,76.760053
2012-01-04,54.99428399999999,169.225767,68.301443,24.672467,76.777901
2012-01-05,55.604827,168.423153,72.07038399999999,24.924595,76.54584100000001
2012-01-06,56.186108999999995,166.489552,72.85049000000001,25.311791,75.974604
2012-01-09,56.096988,165.623087,73.780974,24.978621,76.313773
2012-01-10,56.297842,165.367708,74.438891,25.068667,76.510137
2012-01-11,56.20606,166.28890900000002,75.049817,24.960612,75.9389
2012-01-12,56.051761,164.67453799999998,75.444567,25.21274,75.635427
2012-01-13,55.841598,163.40675900000002,74.80544499999999,25.437854,75.760385
2012-01-17,56.492047,164.172896,75.792327,25.446858,76.483362
2012-01-18,57.07865,165.148819,76.111892,25.419844,77.161702
2012-01-19,56.897746999999995,164.647177,75.51975999999999,25.320795,77.679387
2012-01-20,55.906776,171.94375,75.237799,26.752516999999997,78.089963
2012-01-23,56.85252,173.275367,75.087414,26.770527,78.072115
2012-01-24,55.921406000000005,175.05390400000002,75.29419,26.41935,77.813272
2012-01-25,59.413084999999995,174.871493,76.43145,26.617449,77.84897600000001
2012-01-26,59.143060999999996,174.18743899999998,76.271671,26.563421999999996,77.44731999999999
2012-01-27,59.495557,173.713172,75.68894,26.320299,76.608319
2012-01-30,60.257739,175.573792,77.34313900000001,26.662473,76.304846
2012-01-31,60.719304,175.665004,77.11756899999999,26.590436999999998,74.742868
2012-02-01,60.680730000000004,175.68323600000002,78.395813,26.914599,74.94816
2012-02-02,60.53840400000001,174.68908100000002,77.19275400000001,26.968628000000002,74.555432
2012-02-03,61.144959,176.613553,77.211556,27.229759,75.796088
2012-02-06,61.715596,175.86566100000002,74.86184300000001,27.193741999999997,76.536913
2012-02-07,62.36206,176.349058,75.002827,27.328809999999997,77.06352
2012-02-08,63.406239,176.669514,74.3825,27.60795,76.569928
2012-02-09,65.599677,176.834334,73.621195,27.707001,76.17505
2012-02-10,65.63293,176.184235,72.690704,27.463877,75.205816
2012-02-13,66.854024,176.367357,73.24524,27.535914000000002,75.762227
2012-02-14,67.766512,176.00111299999998,72.314756,27.418084999999998,75.986588
2012-02-15,66.198247,176.028581,73.12305699999999,27.236808,75.492998
2012-02-16,66.802144,176.733615,74.260317,28.360723999999998,76.650701
2012-02-17,66.790174,177.099858,74.570474,28.324468,76.839164
2012-02-21,68.483474,177.07239099999998,74.60807,28.496681,77.691733
2012-02-22,68.242711,177.511886,74.95583,28.342596,78.005837
2012-02-23,68.688313,180.936322,73.104256,28.433234999999996,78.09558
2012-02-24,69.489072,181.07366000000002,74.739654,28.532936,78.382762
2012-02-27,69.934682,180.863071,74.100532,28.415107,78.284049
2012-02-28,71.218289,181.27509799999999,74.260317,28.886426,78.203276
2012-02-29,72.153396,180.130569,72.7283,28.768596000000002,77.628912
2012-03-01,72.423413,180.863071,75.331786,29.267107,77.92506999999999
2012-03-02,72.51785799999999,182.035067,75.876921,29.076767999999998,77.476348
2012-03-05,70.919004,183.728976,75.190802,28.822978000000003,78.08661
2012-03-06,70.533251,180.615849,72.953878,28.605446,77.054548
2012-03-07,70.590452,181.082825,72.991474,28.859234000000004,77.027626
2012-03-08,72.093532,182.95069099999998,74.95583,29.013317999999998,76.13018199999999
2012-03-09,72.51653,183.692343,74.523484,28.995191,75.654538
2012-03-12,73.425026,184.040285,74.100532,29.040511,76.77634300000001
2012-03-13,75.566592,186.585716,74.56108,29.61153,77.951992
2012-03-14,78.423785,187.446405,73.771573,29.702171000000003,77.198136
2012-03-15,77.889057,188.618401,74.532885,29.774679,77.26095699999999
2012-03-16,77.89038599999999,188.627552,74.07233599999999,29.548084000000003,77.575068
2012-03-19,79.956133,188.362028,75.16260600000001,29.185533000000003,78.068658
2012-03-20,80.602589,187.016061,74.335503,28.995191,77.718655
2012-03-21,80.142353,187.418937,74.401302,28.922681,77.189166
2012-03-22,79.722026,188.15143799999998,73.658792,29.004255,76.57890400000001
2012-03-23,79.284401,188.142273,73.724583,29.013317999999998,76.77634300000001
2012-03-26,80.738265,190.239058,75.237799,29.539021,78.104556
2012-03-27,81.735893,189.69883000000002,75.021622,29.475575,77.73660799999999
2012-03-28,82.153563,189.799549,74.391901,29.176467,77.054548
2012-03-29,81.121354,190.69687,74.16633,29.113020000000002,77.251987
2012-03-30,79.74995799999999,191.044797,74.965231,29.239913,77.835327
2012-04-02,82.287911,191.795615,76.581835,29.267107,78.140455
2012-04-03,83.709851,191.823083,77.166712,28.949872999999997,77.027626
2012-04-04,83.04344,188.664185,76.015814,28.288211999999998,76.2648
2012-04-05,84.28980200000001,188.133122,74.54417,28.569191999999997,76.121206
2012-04-09,84.628996,187.647843,72.251809,28.188511,75.277606
2012-04-10,83.592801,185.258065,70.204723,27.617489000000003,73.74297800000001
2012-04-11,83.294845,185.48697099999998,71.808437,27.508724,74.218622
2012-04-12,82.838594,187.99578400000001,73.902686,28.079744,75.026323
2012-04-13,80.505487,185.68841,72.704624,27.925659000000003,74.442983
2012-04-16,77.166782,185.615158,72.515955,28.170383,75.394278
2012-04-17,81.100071,189.946052,73.204603,28.496681,76.686593
2012-04-18,80.919172,183.243697,72.412185,28.224765,76.95582900000001
2012-04-19,78.139127,182.676001,72.440485,28.106935999999997,76.534029
2012-04-20,76.215712,182.758418,72.78953,29.384934,76.551982
2012-04-23,76.045448,181.861097,71.449956,29.113020000000002,76.901984
2012-04-24,74.52640500000001,183.124661,71.289587,28.931745000000003,77.458395
2012-04-25,81.13998000000001,186.393443,73.119704,29.185533000000003,77.943016
2012-04-26,80.834039,188.23384099999998,72.572554,29.103958000000002,77.243011
2012-04-27,80.208866,189.360054,73.431007,28.986127000000003,77.251987
2012-04-30,77.67889,189.607276,71.865036,29.022383,77.485318
2012-05-01,77.432813,190.449648,72.006541,29.013317999999998,78.11353299999999
2012-05-02,77.94492199999999,190.504583,71.346186,28.822978000000003,77.35967600000001
2012-05-03,77.391575,189.753779,70.902813,28.786724,76.866086
2012-05-04,75.187495,187.693627,69.43117,28.079744,75.896845
2012-05-07,75.750155,186.558249,68.704787,27.780638,75.816078
2012-05-08,75.57723299999999,185.252616,69.808514,27.644681,75.403248
2012-05-09,75.71025300000001,185.022752,67.827463,27.880340999999998,74.766063
2012-05-10,75.888488,184.443502,67.648223,27.862213,74.856426
2012-05-11,75.3817,184.967586,68.34630600000001,28.242893,75.091371
2012-05-14,74.25238900000001,183.376926,67.450119,27.80783,74.205821
2012-05-15,73.58065699999999,183.00913400000002,67.997268,27.561497999999997,73.907622
2012-05-16,72.63757199999999,183.643563,67.374648,27.278677000000002,74.250998
2012-05-17,70.51463199999999,181.951762,66.167151,27.114457,74.01606
2012-05-18,70.549214,180.103654,65.931311,26.703909000000003,73.618462
2012-05-21,74.659417,181.832227,68.016132,27.141827000000003,74.13352900000001
2012-05-22,74.086123,180.967948,67.26145,27.150951,74.052199
2012-05-23,75.89380899999999,180.32431499999998,67.751993,26.557935999999998,74.13352900000001
2012-05-24,75.196809,180.29673200000002,69.751915,26.521441999999997,74.648596
2012-05-25,74.79376500000001,178.65090700000002,69.393434,26.512319,74.169675
2012-05-29,76.121267,180.636942,70.516033,26.968484000000004,74.03412900000001
2012-05-30,77.03908299999999,178.862378,72.082011,26.767771999999997,72.100369
2012-05-31,76.847542,177.363656,72.827258,26.630923,71.052159
2012-06-01,74.62084300000001,173.851329,71.8556,25.955799,70.410585
2012-06-04,75.059797,173.35481299999998,71.75183,26.04703,70.329262
2012-06-05,74.865599,173.96166000000002,72.50652,26.010538,70.121424
2012-06-06,76.01353,178.365877,74.713975,26.776896,72.452783
2012-06-07,76.04811099999999,178.779631,74.157397,26.667415000000002,72.913634
2012-06-08,77.19205,179.423249,74.902651,27.050594,73.049173
2012-06-11,75.974949,177.005067,74.110226,26.366346000000004,72.53410600000001
2012-06-12,76.638703,178.880772,75.185654,26.722156,73.428701
2012-06-13,76.10664,177.547559,73.374408,26.576182,72.859412
2012-06-14,76.022836,179.386477,74.232867,26.767771999999997,74.21485200000001
2012-06-15,76.368679,183.064313,74.242295,27.388157,75.19980799999999
2012-06-18,77.918318,182.31954,75.157354,27.223937,75.100409
2012-06-19,78.135141,182.907993,75.893173,28.008542,76.33838
2012-06-20,77.912997,182.77008,75.176225,28.218377,76.781155
2012-06-21,76.839557,177.814196,73.374408,27.497636,74.196782
2012-06-22,77.428821,178.099226,74.006456,28.008542,74.196782
2012-06-25,75.921748,177.326883,73.468742,27.251308,73.410625
2012-06-26,76.089349,176.490172,73.459314,27.388157,74.458835
2012-06-27,76.417895,177.45560700000001,76.308252,27.525006,75.181732
2012-06-28,75.692955,175.984467,75.704504,27.2878,75.091371
2012-06-29,77.681554,179.827813,78.091199,27.908184999999996,77.32333
2012-07-02,78.814851,180.057678,78.751554,27.880814,77.115493
2012-07-03,79.731332,180.14961599999998,79.130257,28.063281,77.964904
2012-07-05,81.131996,179.56116200000002,78.619006,28.008542,77.32333
2012-07-06,80.591948,175.993671,77.71957900000001,27.543253000000004,76.62754
2012-07-09,81.65741,174.393807,78.334975,27.369909999999997,75.588368
2012-07-10,80.901881,171.258448,77.52076,27.132703999999997,75.100409
2012-07-11,80.399078,170.329799,78.363376,26.731278000000003,76.248012
2012-07-12,79.66349699999999,168.343764,78.25923900000001,26.120017,76.013074
2012-07-13,80.470905,171.028583,79.395349,26.813388,77.232968
2012-07-16,80.728959,169.90684199999998,80.948036,26.859005,76.853447
2012-07-17,80.732945,168.85865900000002,81.894797,27.059717,77.467913
2012-07-18,80.642499,173.088176,81.913729,27.780459000000004,77.90165
2012-07-19,81.71461,179.607138,82.159888,27.981171000000003,77.90165
2012-07-20,80.381788,176.949902,82.860489,27.479390000000002,77.66670500000001
2012-07-23,80.31926700000001,175.460383,80.85336099999999,26.713033000000003,76.998024
2012-07-24,79.932186,175.009843,80.531459,26.594428999999998,76.428741
2012-07-25,76.480416,175.690247,80.285306,26.302483000000002,77.025131
2012-07-26,76.468446,178.329091,81.042711,26.603552,78.181772
2012-07-27,77.83585,180.572573,82.254563,27.150951,79.022145
2012-07-30,79.148724,180.83921,82.27350200000001,27.04147,79.121545
2012-07-31,81.241068,180.19559099999998,81.06165,26.886374,78.47997099999999
2012-08-01,80.715654,179.46002099999998,81.80959200000001,26.831635,78.534193
2012-08-02,80.846009,178.78882,82.72794300000001,26.630923,77.603452
2012-08-03,81.898173,182.531025,82.406048,27.141827000000003,79.112513
2012-08-06,82.809333,182.751687,83.750447,27.324294000000002,79.022145
2012-08-07,82.591188,183.827452,83.892462,27.607115999999998,79.446851
2012-08-08,82.45152,183.781285,83.314938,27.670979,79.77215699999999
2012-08-09,82.92174399999999,183.218019,83.90193199999999,27.826075,80.21780799999999
2012-08-10,83.051325,184.02136000000002,82.122017,27.753089000000003,80.436093
2012-08-13,84.160101,183.762813,82.27350200000001,27.725718,80.16324
2012-08-14,84.385868,183.097975,81.610766,27.670617,80.21780799999999
2012-08-15,84.270976,183.199548,82.027343,27.734904999999998,80.035911
2012-08-16,85.007047,185.452609,83.617901,28.267561999999998,80.645274
2012-08-17,86.57937,185.8035,83.191861,28.377765999999998,80.399712
2012-08-20,88.855703,185.138661,82.813156,28.230826,79.990433
2012-08-21,87.641388,183.430394,83.02144399999999,28.285928000000002,79.544781
2012-08-22,89.352645,182.137661,83.371741,28.047152,79.79034899999999
2012-08-23,88.519062,180.706411,81.260469,27.790007,79.408355
2012-08-24,88.597875,182.617825,80.79655100000001,28.065518,80.081389
2012-08-27,90.262374,180.697183,81.544493,28.184908,79.799439
2012-08-28,90.144821,179.94,82.339775,28.129803999999996,80.12686
2012-08-29,89.967148,180.133917,83.059315,28.148172,79.944963
2012-08-30,88.68470699999999,178.554923,82.529125,27.845108000000003,79.308309
2012-08-31,88.867724,179.92154299999999,82.472321,28.304296,79.399265
2012-09-04,90.16753,179.63528200000002,82.00841,27.909394,79.23555400000001
2012-09-05,89.534329,180.096974,82.888898,27.909394,79.426548
2012-09-06,90.34119399999999,183.84592800000001,84.678275,28.791034999999997,80.936313
2012-09-07,90.89825,184.21527700000001,84.630934,28.423685,81.782147
2012-09-10,88.533752,185.554182,84.659336,28.212458,81.381973
2012-09-11,88.246544,187.696441,84.735079,28.276746000000003,81.509302
2012-09-12,89.475549,188.15813400000002,83.305468,28.267561999999998,81.445637
2012-09-13,91.237567,190.549697,85.113784,28.414501,82.973596
2012-09-14,92.346343,190.965218,84.233297,28.662460999999997,83.94676
2012-09-17,93.481837,191.27916499999998,84.337441,28.662460999999997,83.592055
2012-09-18,93.766376,191.205307,84.318502,28.634911,83.355584
2012-09-19,93.79176,190.614327,86.30670500000001,28.515521000000003,82.373323
2012-09-20,93.33756,190.38348100000002,86.212023,28.882871999999995,83.237344
2012-09-21,93.52324499999999,190.19880600000002,86.079477,28.644095,83.60114499999999
2012-09-24,92.280885,189.561669,86.19309100000001,28.267561999999998,83.56476500000001
2012-09-25,89.976501,189.275422,85.634498,27.909394,83.437435
2012-09-26,88.859705,188.370508,84.72560899999999,27.707353,82.973596
2012-09-27,91.01581,190.134177,86.496054,27.698169,83.49201
2012-09-28,89.116199,191.556183,86.174152,27.330819,83.17368
2012-10-01,88.086236,194.34481,85.57769499999999,27.082858,83.49201
2012-10-02,88.34272299999999,193.763073,86.098416,27.238982,83.419248
2012-10-03,89.697298,194.38173899999998,84.22081800000001,27.422657,83.401055
2012-10-04,89.07611800000001,194.270937,86.169717,27.578781,83.873998
2012-10-05,87.177842,194.455611,86.664075,27.413473,84.174134
2012-10-08,85.251513,193.74461499999998,87.12990699999999,27.349187,84.292367
2012-10-09,84.94159,192.05481899999998,86.046131,26.89,83.792139
2012-10-10,85.61754,190.051076,84.895808,26.614487,82.791692
2012-10-11,83.906283,189.995661,84.125752,26.586937,82.919021
2012-10-12,84.121362,191.879374,84.201808,26.81653,82.791692
2012-10-15,84.795978,192.922789,84.781724,27.101226,83.228254
2012-10-16,86.803795,194.834202,86.017612,27.082858,84.019514
2012-10-17,86.111814,185.25870600000002,85.20952700000001,27.174696,84.93811
2012-10-18,84.512773,180.023116,85.542272,27.092042,85.01996899999999
2012-10-19,81.466981,178.545694,84.315892,26.302239,83.810333
2012-10-22,84.698459,179.506008,84.487015,25.71448,83.846714
2012-10-23,81.937205,176.597352,82.64269200000001,25.760398000000002,82.018619
2012-10-24,82.400752,176.10795900000002,82.22439,25.622643,81.745767
2012-10-25,81.4269,176.92054199999998,82.22439,25.604275,82.245994
2012-10-26,80.686826,178.462593,82.328965,25.907338,82.418801
2012-10-31,79.527289,179.626053,81.825106,26.210403,82.919021
2012-11-01,79.69026600000001,182.04531699999998,82.566636,27.110409999999998,83.310106
2012-11-02,77.05325,178.610324,81.63497199999999,27.092042,82.100471
2012-11-05,78.097903,179.26593300000002,83.70745699999999,27.21143,82.427891
2012-11-06,77.861449,180.124689,84.563064,27.422657,83.319203
2012-11-07,74.882267,177.286765,83.041976,26.706325,80.701752
2012-11-08,72.164763,176.303696,82.072285,26.458363000000002,79.685887
2012-11-09,73.414144,175.877074,82.167351,26.476731,79.814014
2012-11-12,72.846488,175.515378,81.37828499999999,25.916522,79.914686
2012-11-13,72.855884,174.652879,80.988509,25.083194,79.136773
2012-11-14,72.048013,172.0468,79.705084,24.851714,78.77069399999999
2012-11-15,70.536946,172.36213500000002,80.484649,24.685048000000002,78.834757
2012-11-16,70.813396,173.373026,81.026537,24.55542,79.118465
2012-11-19,75.91961500000001,176.535552,83.973647,24.749862,80.23500200000001
2012-11-20,75.272779,175.469004,84.829261,24.731343,80.079421
2012-11-21,75.378799,176.479895,84.98136600000001,24.953566,80.546171
2012-11-23,76.693937,179.44767,86.112679,25.648006,81.534575
2012-11-26,79.11352,178.881939,86.692595,25.360970000000002,81.10444
2012-11-27,78.476079,177.351678,86.331331,25.073935000000002,79.94214000000001
2012-11-28,78.229157,178.047247,86.80667199999999,25.333192999999998,80.628535
2012-11-29,79.0907,177.629908,87.5387,24.953566,80.646843
2012-11-30,78.543176,176.275874,87.072861,24.648011999999998,80.665144
2012-12-03,78.6653,175.72868200000002,85.01939399999999,24.472087,80.180092
2012-12-04,77.27769,175.61739599999999,84.80073399999999,24.416532,79.795713
2012-12-05,72.304331,174.95891699999999,85.18100799999999,24.694307000000002,80.289918
2012-12-06,73.43829699999999,175.932717,85.532763,24.749862,80.537017
2012-12-07,71.560877,178.019426,86.217254,24.499863,81.08613199999999
2012-12-10,71.100574,178.640799,86.084159,24.944306,80.91225
2012-12-11,72.653246,180.106134,86.57851,25.296156,81.443057
2012-12-12,72.332512,178.946852,85.323612,25.222082,81.86404499999999
2012-12-13,71.08313000000001,178.056531,85.085942,25.101713,81.06783100000001
2012-12-14,68.412598,177.84321200000002,84.734187,24.823936,80.61023399999999
2012-12-17,69.625743,179.568225,86.198237,25.092454,81.333238
2012-12-18,71.648106,181.48800400000002,87.557711,25.518376,81.96471700000001
2012-12-19,70.629543,180.922274,87.158426,25.286896,80.939705
2012-12-20,70.014921,180.634774,87.976012,25.629488000000002,81.351539
2012-12-21,69.692847,179.382743,87.98552099999999,25.416526,79.83232199999999
2012-12-24,69.80556800000001,178.43676399999998,88.223191,25.055416,79.54860699999999
2012-12-26,68.843373,178.019426,89.45907199999999,24.870233,79.685887
2012-12-27,69.119823,178.724278,89.354497,24.962823999999998,79.493697
2012-12-28,68.385757,176.053287,88.48938100000001,24.583196,77.88295500000001
2012-12-31,71.415941,177.648461,89.98195,24.731343,79.20999
